plant_id,timestamp,change_type,old_value,new_value
PLANT_001,2024-02-01,availability,87.39,87.06
PLANT_001,2024-03-01,availability,87.06,86.5
PLANT_001,2024-04-01,availability,86.5,85.94
PLANT_001,2024-05-01,availability,85.94,85.54
PLANT_001,2024-06-01,availability,85.54,85.02
PLANT_001,2024-07-01,availability,85.02,84.42
PLANT_001,2024-08-01,availability,84.42,83.82
PLANT_001,2024-09-01,availability,83.82,83.31
PLANT_001,2024-10-01,availability,83.31,82.73
PLANT_001,2024-11-01,availability,82.73,82.31
PLANT_001,2024-12-01,availability,82.31,81.82
PLANT_001,2025-01-01,availability,81.82,81.45
PLANT_001,2025-02-01,availability,81.45,81.04
PLANT_001,2025-03-01,availability,81.04,80.43
PLANT_001,2025-04-01,availability,80.43,79.9
PLANT_002,2024-02-01,availability,98.57,97.84
PLANT_002,2024-03-01,availability,97.84,97.22
PLANT_002,2024-04-01,availability,97.22,96.7
PLANT_002,2024-05-01,availability,96.7,96.28
PLANT_002,2024-06-01,availability,96.28,95.83
PLANT_002,2024-07-01,availability,95.83,95.37
PLANT_002,2024-08-01,availability,95.37,94.82
PLANT_002,2024-09-01,availability,94.82,94.09
PLANT_002,2024-10-01,availability,94.09,93.6
PLANT_002,2024-11-01,availability,93.6,92.96
PLANT_002,2024-12-01,availability,92.96,92.23
PLANT_002,2025-01-01,availability,92.23,91.62
PLANT_002,2025-02-01,availability,91.62,91.2
PLANT_002,2025-03-01,availability,91.2,90.57
PLANT_002,2025-04-01,availability,90.57,89.94
PLANT_003,2024-02-01,availability,67.98,67.61
PLANT_003,2024-03-01,availability,67.61,67.29
PLANT_003,2024-04-01,availability,67.29,67.0
PLANT_003,2024-05-01,availability,67.0,66.67
PLANT_003,2024-06-01,availability,66.67,66.37
PLANT_003,2024-07-01,availability,66.37,66.09
PLANT_003,2024-08-01,availability,66.09,65.85
PLANT_003,2024-09-01,availability,65.85,65.46
PLANT_003,2024-10-01,availability,65.46,65.24
PLANT_003,2024-11-01,availability,65.24,64.85
PLANT_003,2024-12-01,availability,64.85,64.54
PLANT_003,2025-01-01,availability,64.54,64.22
PLANT_003,2025-02-01,availability,64.22,63.83
PLANT_003,2025-03-01,availability,63.83,63.59
PLANT_003,2025-04-01,availability,63.59,63.33
PLANT_004,2024-02-01,availability,122.7,122.03
PLANT_004,2024-03-01,availability,122.03,121.38
PLANT_004,2024-04-01,availability,121.38,120.73
PLANT_004,2024-05-01,availability,120.73,119.94
PLANT_004,2024-06-01,availability,119.94,119.38
PLANT_004,2024-07-01,availability,119.38,118.64
PLANT_004,2024-08-01,availability,118.64,117.86
PLANT_004,2024-09-01,availability,117.86,117.09
PLANT_004,2024-10-01,availability,117.09,116.25
PLANT_004,2024-11-01,availability,116.25,115.73
PLANT_004,2024-12-01,availability,115.73,114.91
PLANT_004,2025-01-01,availability,114.91,114.25
PLANT_004,2025-02-01,availability,114.25,113.76
PLANT_004,2025-03-01,availability,113.76,113.21
PLANT_004,2025-04-01,availability,113.21,112.49
PLANT_005,2024-02-01,availability,64.39,64.01
PLANT_005,2024-03-01,availability,64.01,63.65
PLANT_005,2024-04-01,availability,63.65,63.26
PLANT_005,2024-05-01,availability,63.26,62.83
PLANT_005,2024-06-01,availability,62.83,62.28
PLANT_005,2024-07-01,availability,62.28,61.73
PLANT_005,2024-08-01,availability,61.73,61.41
PLANT_005,2024-09-01,availability,61.41,60.86
PLANT_005,2024-10-01,availability,60.86,60.42
PLANT_005,2024-11-01,availability,60.42,60.01
PLANT_005,2024-12-01,availability,60.01,59.61
PLANT_005,2025-01-01,availability,59.61,59.26
PLANT_005,2025-02-01,availability,59.26,58.89
PLANT_005,2025-03-01,availability,58.89,74.26
PLANT_005,2025-04-01,availability,74.26,73.71
PLANT_006,2024-02-01,availability,13.8,13.72
PLANT_006,2024-03-01,availability,13.72,13.61
PLANT_006,2024-04-01,availability,13.61,13.5
PLANT_006,2024-05-01,availability,13.5,13.44
PLANT_006,2024-06-01,availability,13.44,13.34
PLANT_006,2024-07-01,availability,13.34,13.27
PLANT_006,2024-08-01,availability,13.27,13.17
PLANT_006,2024-09-01,availability,13.17,13.06
PLANT_006,2024-10-01,availability,13.06,12.97
PLANT_006,2024-11-01,availability,12.97,12.87
PLANT_006,2024-12-01,availability,12.87,12.79
PLANT_006,2025-01-01,availability,12.79,12.7
PLANT_006,2025-02-01,availability,12.7,12.58
PLANT_006,2025-03-01,availability,12.58,12.51
PLANT_006,2025-04-01,availability,12.51,12.44
PLANT_007,2024-02-01,availability,99.7,99.12
PLANT_007,2024-03-01,availability,99.12,98.75
PLANT_007,2024-04-01,availability,98.75,98.28
PLANT_007,2024-05-01,availability,98.28,97.82
PLANT_007,2024-06-01,availability,97.82,97.33
PLANT_007,2024-07-01,availability,97.33,96.72
PLANT_007,2024-08-01,availability,96.72,96.3
PLANT_007,2024-09-01,availability,96.3,95.75
PLANT_007,2024-10-01,availability,95.75,95.18
PLANT_007,2024-11-01,availability,95.18,94.7
PLANT_007,2024-12-01,availability,94.7,94.17
PLANT_007,2025-01-01,availability,94.17,93.74
PLANT_007,2025-02-01,availability,93.74,93.15
PLANT_007,2025-03-01,availability,93.15,92.63
PLANT_007,2025-04-01,availability,92.63,92.3
PLANT_008,2024-02-01,availability,35.93,35.8
PLANT_008,2024-03-01,availability,35.8,35.68
PLANT_008,2024-04-01,availability,35.68,35.5
PLANT_008,2024-05-01,availability,35.5,35.35
PLANT_008,2024-06-01,availability,35.35,35.23
PLANT_008,2024-07-01,availability,35.23,35.02
PLANT_008,2024-08-01,availability,35.02,34.8
PLANT_008,2024-09-01,availability,34.8,34.61
PLANT_008,2024-10-01,availability,34.61,34.4
PLANT_008,2024-11-01,availability,34.4,34.28
PLANT_008,2024-12-01,availability,34.28,34.15
PLANT_008,2025-01-01,availability,34.15,33.95
PLANT_008,2025-02-01,availability,33.95,33.82
PLANT_008,2025-03-01,availability,33.82,33.61
PLANT_008,2025-04-01,availability,33.61,33.49
PLANT_009,2024-02-01,availability,94.54,94.18
PLANT_009,2024-03-01,availability,94.18,93.7
PLANT_009,2024-04-01,availability,93.7,93.28
PLANT_009,2024-05-01,availability,93.28,92.69
PLANT_009,2024-06-01,availability,92.69,92.16
PLANT_009,2024-07-01,availability,92.16,91.76
PLANT_009,2024-08-01,availability,91.76,91.26
PLANT_009,2024-09-01,availability,91.26,90.86
PLANT_009,2024-10-01,availability,90.86,90.31
PLANT_009,2024-11-01,availability,90.31,89.9
PLANT_009,2024-12-01,availability,89.9,89.3
PLANT_009,2025-01-01,availability,89.3,88.68
PLANT_009,2025-02-01,availability,88.68,88.3
PLANT_009,2025-03-01,availability,88.3,87.96
PLANT_009,2025-04-01,availability,87.96,87.38
PLANT_010,2024-02-01,availability,115.71,114.88
PLANT_010,2024-03-01,availability,114.88,114.31
PLANT_010,2024-04-01,availability,114.31,113.67
PLANT_010,2024-05-01,availability,113.67,113.13
PLANT_010,2024-06-01,availability,113.13,112.55
PLANT_010,2024-07-01,availability,112.55,111.66
PLANT_010,2024-08-01,availability,111.66,110.99
PLANT_010,2024-09-01,availability,110.99,110.15
PLANT_010,2024-10-01,availability,110.15,109.23
PLANT_010,2024-11-01,availability,109.23,108.43
PLANT_010,2024-12-01,availability,108.43,107.91
PLANT_010,2025-01-01,availability,107.91,107.35
PLANT_010,2025-02-01,availability,107.35,106.56
PLANT_010,2025-03-01,availability,106.56,105.73
PLANT_010,2025-04-01,availability,105.73,105.14
PLANT_011,2024-02-01,availability,103.46,102.84
PLANT_011,2024-03-01,availability,102.84,102.39
PLANT_011,2024-04-01,availability,102.39,101.93
PLANT_011,2024-05-01,availability,101.93,101.53
PLANT_011,2024-06-01,availability,101.53,100.99
PLANT_011,2024-07-01,availability,100.99,100.5
PLANT_011,2024-08-01,availability,100.5,99.96
PLANT_011,2024-09-01,availability,99.96,99.6
PLANT_011,2024-10-01,availability,99.6,99.07
PLANT_011,2024-11-01,availability,99.07,98.4
PLANT_011,2024-12-01,availability,98.4,97.74
PLANT_011,2025-01-01,availability,97.74,97.19
PLANT_011,2025-02-01,availability,97.19,96.75
PLANT_011,2025-03-01,availability,96.75,96.34
PLANT_011,2025-04-01,availability,96.34,95.85
PLANT_012,2024-02-01,availability,69.52,69.1
PLANT_012,2024-03-01,availability,69.1,68.44
PLANT_012,2024-04-01,availability,68.44,68.05
PLANT_012,2024-05-01,availability,68.05,67.7
PLANT_012,2024-06-01,availability,67.7,67.29
PLANT_012,2024-07-01,availability,67.29,66.94
PLANT_012,2024-08-01,availability,66.94,96.62
PLANT_012,2024-09-01,availability,96.62,96.12
PLANT_012,2024-10-01,availability,96.12,95.46
PLANT_012,2024-11-01,availability,95.46,94.98
PLANT_012,2024-12-01,availability,94.98,94.38
PLANT_012,2025-01-01,availability,94.38,93.71
PLANT_012,2025-02-01,availability,93.71,93.21
PLANT_012,2025-03-01,availability,93.21,92.6
PLANT_012,2025-04-01,availability,92.6,91.98
PLANT_013,2024-02-01,availability,99.27,98.65
PLANT_013,2024-03-01,availability,98.65,98.15
PLANT_013,2024-04-01,availability,98.15,130.88
PLANT_013,2024-05-01,availability,130.88,130.45
PLANT_013,2024-06-01,availability,130.45,129.67
PLANT_013,2024-07-01,availability,129.67,128.94
PLANT_013,2024-08-01,availability,128.94,128.42
PLANT_013,2024-09-01,availability,128.42,127.67
PLANT_013,2024-10-01,availability,127.67,126.87
PLANT_013,2024-11-01,availability,126.87,126.24
PLANT_013,2024-12-01,availability,126.24,125.44
PLANT_013,2025-01-01,availability,125.44,124.78
PLANT_013,2025-02-01,availability,124.78,124.25
PLANT_013,2025-03-01,availability,124.25,123.64
PLANT_013,2025-04-01,availability,123.64,122.97
PLANT_014,2024-02-01,availability,55.3,54.76
PLANT_014,2024-03-01,availability,54.76,54.44
PLANT_014,2024-04-01,availability,54.44,54.0
PLANT_014,2024-05-01,availability,54.0,53.52
PLANT_014,2024-06-01,availability,53.52,53.05
PLANT_014,2024-07-01,availability,53.05,52.68
PLANT_014,2024-08-01,availability,52.68,52.23
PLANT_014,2024-09-01,availability,52.23,51.85
PLANT_014,2024-10-01,availability,51.85,51.37
PLANT_014,2024-11-01,availability,51.37,51.11
PLANT_014,2024-12-01,availability,51.11,50.76
PLANT_014,2025-01-01,availability,50.76,50.4
PLANT_014,2025-02-01,availability,50.4,49.99
PLANT_014,2025-03-01,availability,49.99,49.56
PLANT_014,2025-04-01,availability,49.56,49.08
PLANT_015,2024-02-01,availability,85.36,84.82
PLANT_015,2024-03-01,availability,84.82,84.22
PLANT_015,2024-04-01,availability,84.22,83.63
PLANT_015,2024-05-01,availability,83.63,83.05
PLANT_015,2024-06-01,availability,83.05,82.7
PLANT_015,2024-07-01,availability,82.7,82.24
PLANT_015,2024-08-01,availability,82.24,81.7
PLANT_015,2024-09-01,availability,81.7,81.32
PLANT_015,2024-10-01,availability,81.32,80.95
PLANT_015,2024-11-01,availability,80.95,80.4
PLANT_015,2024-12-01,availability,80.4,79.8
PLANT_015,2025-01-01,availability,79.8,79.42
PLANT_015,2025-02-01,availability,79.42,78.86
PLANT_015,2025-03-01,availability,78.86,78.26
PLANT_015,2025-04-01,availability,78.26,77.65
PLANT_016,2024-02-01,availability,13.27,13.16
PLANT_016,2024-03-01,availability,13.16,13.08
PLANT_016,2024-04-01,availability,13.08,12.98
PLANT_016,2024-05-01,availability,12.98,12.89
PLANT_016,2024-06-01,availability,12.89,12.78
PLANT_016,2024-07-01,availability,12.78,12.69
PLANT_016,2024-08-01,availability,12.69,12.57
PLANT_016,2024-09-01,availability,12.57,12.46
PLANT_016,2024-10-01,availability,12.46,12.4
PLANT_016,2024-11-01,availability,12.4,12.32
PLANT_016,2024-12-01,availability,12.32,12.21
PLANT_016,2025-01-01,availability,12.21,12.14
PLANT_016,2025-02-01,availability,12.14,12.07
PLANT_016,2025-03-01,availability,12.07,11.96
PLANT_016,2025-04-01,availability,11.96,11.86
PLANT_017,2024-02-01,availability,60.81,60.47
PLANT_017,2024-03-01,availability,60.47,60.05
PLANT_017,2024-04-01,availability,60.05,59.54
PLANT_017,2024-05-01,availability,59.54,59.26
PLANT_017,2024-06-01,availability,59.26,58.97
PLANT_017,2024-07-01,availability,58.97,58.49
PLANT_017,2024-08-01,availability,58.49,58.19
PLANT_017,2024-09-01,availability,58.19,57.82
PLANT_017,2024-10-01,availability,57.82,57.46
PLANT_017,2024-11-01,availability,57.46,57.18
PLANT_017,2024-12-01,availability,57.18,56.85
PLANT_017,2025-01-01,availability,56.85,56.47
PLANT_017,2025-02-01,availability,56.47,56.11
PLANT_017,2025-03-01,availability,56.11,55.75
PLANT_017,2025-04-01,availability,55.75,55.28
PLANT_018,2024-02-01,availability,68.91,94.34
PLANT_018,2024-03-01,availability,94.34,93.88
PLANT_018,2024-04-01,availability,93.88,93.47
PLANT_018,2024-05-01,availability,93.47,92.88
PLANT_018,2024-06-01,availability,92.88,92.46
PLANT_018,2024-07-01,availability,92.46,91.88
PLANT_018,2024-08-01,availability,91.88,91.26
PLANT_018,2024-09-01,availability,91.26,90.78
PLANT_018,2024-10-01,availability,90.78,90.33
PLANT_018,2024-11-01,availability,90.33,89.7
PLANT_018,2024-12-01,availability,89.7,89.04
PLANT_018,2025-01-01,availability,89.04,88.52
PLANT_018,2025-02-01,availability,88.52,87.96
PLANT_018,2025-03-01,availability,87.96,87.42
PLANT_018,2025-04-01,availability,87.42,86.94
PLANT_019,2024-02-01,availability,28.7,28.53
PLANT_019,2024-03-01,availability,28.53,28.22
PLANT_019,2024-04-01,availability,28.22,27.97
PLANT_019,2024-05-01,availability,27.97,27.8
PLANT_019,2024-06-01,availability,27.8,38.51
PLANT_019,2024-07-01,availability,38.51,38.32
PLANT_019,2024-08-01,availability,38.32,38.05
PLANT_019,2024-09-01,availability,38.05,37.88
PLANT_019,2024-10-01,availability,37.88,37.63
PLANT_019,2024-11-01,availability,37.63,37.44
PLANT_019,2024-12-01,availability,37.44,37.22
PLANT_019,2025-01-01,availability,37.22,37.05
PLANT_019,2025-02-01,availability,37.05,36.75
PLANT_019,2025-03-01,availability,36.75,36.56
PLANT_019,2025-04-01,availability,36.56,36.36
PLANT_020,2024-02-01,availability,107.74,106.71
PLANT_020,2024-03-01,availability,106.71,106.14
PLANT_020,2024-04-01,availability,106.14,147.97
PLANT_020,2024-05-01,availability,147.97,147.0
PLANT_020,2024-06-01,availability,147.0,146.43
PLANT_020,2024-07-01,availability,146.43,145.41
PLANT_020,2024-08-01,availability,145.41,144.44
PLANT_020,2024-09-01,availability,144.44,143.41
PLANT_020,2024-10-01,availability,143.41,142.63
PLANT_020,2024-11-01,availability,142.63,141.96
PLANT_020,2024-12-01,availability,141.96,140.97
PLANT_020,2025-01-01,availability,140.97,140.33
PLANT_020,2025-02-01,availability,140.33,139.67
PLANT_020,2025-03-01,availability,139.67,138.9
PLANT_020,2025-04-01,availability,138.9,137.87
PLANT_021,2024-02-01,availability,90.25,89.83
PLANT_021,2024-03-01,availability,89.83,89.29
PLANT_021,2024-04-01,availability,89.29,88.77
PLANT_021,2024-05-01,availability,88.77,88.26
PLANT_021,2024-06-01,availability,88.26,87.57
PLANT_021,2024-07-01,availability,87.57,86.86
PLANT_021,2024-08-01,availability,86.86,86.37
PLANT_021,2024-09-01,availability,86.37,85.83
PLANT_021,2024-10-01,availability,85.83,85.29
PLANT_021,2024-11-01,availability,85.29,84.63
PLANT_021,2024-12-01,availability,84.63,84.12
PLANT_021,2025-01-01,availability,84.12,83.59
PLANT_021,2025-02-01,availability,83.59,82.91
PLANT_021,2025-03-01,availability,82.91,82.38
PLANT_021,2025-04-01,availability,82.38,81.88
PLANT_022,2024-02-01,availability,118.0,117.29
PLANT_022,2024-03-01,availability,117.29,116.63
PLANT_022,2024-04-01,availability,116.63,115.99
PLANT_022,2024-05-01,availability,115.99,115.55
PLANT_022,2024-06-01,availability,115.55,115.16
PLANT_022,2024-07-01,availability,115.16,114.5
PLANT_022,2024-08-01,availability,114.5,113.86
PLANT_022,2024-09-01,availability,113.86,113.31
PLANT_022,2024-10-01,availability,113.31,112.94
PLANT_022,2024-11-01,availability,112.94,112.23
PLANT_022,2024-12-01,availability,112.23,111.82
PLANT_022,2025-01-01,availability,111.82,111.33
PLANT_022,2025-02-01,availability,111.33,110.64
PLANT_022,2025-03-01,availability,110.64,110.06
PLANT_022,2025-04-01,availability,110.06,109.5
PLANT_023,2024-02-01,availability,74.46,74.03
PLANT_023,2024-03-01,availability,74.03,73.54
PLANT_023,2024-04-01,availability,73.54,73.23
PLANT_023,2024-05-01,availability,73.23,72.81
PLANT_023,2024-06-01,availability,72.81,72.31
PLANT_023,2024-07-01,availability,72.31,71.99
PLANT_023,2024-08-01,availability,71.99,71.67
PLANT_023,2024-09-01,availability,71.67,71.25
PLANT_023,2024-10-01,availability,71.25,70.86
PLANT_023,2024-11-01,availability,70.86,70.3
PLANT_023,2024-12-01,availability,70.3,69.94
PLANT_023,2025-01-01,availability,69.94,69.42
PLANT_023,2025-02-01,availability,69.42,68.98
PLANT_023,2025-03-01,availability,68.98,68.69
PLANT_023,2025-04-01,availability,68.69,68.19
PLANT_024,2024-02-01,availability,52.06,51.72
PLANT_024,2024-03-01,availability,51.72,51.45
PLANT_024,2024-04-01,availability,51.45,51.25
PLANT_024,2024-05-01,availability,51.25,50.92
PLANT_024,2024-06-01,availability,50.92,50.59
PLANT_024,2024-07-01,availability,50.59,50.28
PLANT_024,2024-08-01,availability,50.28,49.9
PLANT_024,2024-09-01,availability,49.9,49.57
PLANT_024,2024-10-01,availability,49.57,49.34
PLANT_024,2024-11-01,availability,49.34,49.06
PLANT_024,2024-12-01,availability,49.06,48.73
PLANT_024,2025-01-01,availability,48.73,48.38
PLANT_024,2025-02-01,availability,48.38,48.03
PLANT_024,2025-03-01,availability,48.03,47.67
PLANT_024,2025-04-01,availability,47.67,47.34
PLANT_025,2024-02-01,availability,100.02,99.34
PLANT_025,2024-03-01,availability,99.34,98.74
PLANT_025,2024-04-01,availability,98.74,98.22
PLANT_025,2024-05-01,availability,98.22,97.58
PLANT_025,2024-06-01,availability,97.58,97.1
PLANT_025,2024-07-01,availability,97.1,96.59
PLANT_025,2024-08-01,availability,96.59,96.01
PLANT_025,2024-09-01,availability,96.01,95.44
PLANT_025,2024-10-01,availability,95.44,94.92
PLANT_025,2024-11-01,availability,94.92,94.4
PLANT_025,2024-12-01,availability,94.4,93.79
PLANT_025,2025-01-01,availability,93.79,93.17
PLANT_025,2025-02-01,availability,93.17,92.48
PLANT_025,2025-03-01,availability,92.48,91.92
PLANT_025,2025-04-01,availability,91.92,91.29
PLANT_026,2024-02-01,availability,32.62,32.51
PLANT_026,2024-03-01,availability,32.51,32.38
PLANT_026,2024-04-01,availability,32.38,32.18
PLANT_026,2024-05-01,availability,32.18,32.07
PLANT_026,2024-06-01,availability,32.07,31.86
PLANT_026,2024-07-01,availability,31.86,31.67
PLANT_026,2024-08-01,availability,31.67,31.46
PLANT_026,2024-09-01,availability,31.46,31.3
PLANT_026,2024-10-01,availability,31.3,31.1
PLANT_026,2024-11-01,availability,31.1,30.97
PLANT_026,2024-12-01,availability,30.97,30.82
PLANT_026,2025-01-01,availability,30.82,30.69
PLANT_026,2025-02-01,availability,30.69,30.48
PLANT_026,2025-03-01,availability,30.48,30.3
PLANT_026,2025-04-01,availability,30.3,30.09
PLANT_027,2024-02-01,availability,73.25,72.79
PLANT_027,2024-03-01,availability,72.79,72.3
PLANT_027,2024-04-01,availability,72.3,71.8
PLANT_027,2024-05-01,availability,71.8,71.24
PLANT_027,2024-06-01,availability,71.24,70.72
PLANT_027,2024-07-01,availability,70.72,70.32
PLANT_027,2024-08-01,availability,70.32,69.73
PLANT_027,2024-09-01,availability,69.73,69.19
PLANT_027,2024-10-01,availability,69.19,68.63
PLANT_027,2024-11-01,availability,68.63,68.09
PLANT_027,2024-12-01,availability,68.09,67.53
PLANT_027,2025-01-01,availability,67.53,100.44
PLANT_027,2025-02-01,availability,100.44,99.88
PLANT_027,2025-03-01,availability,99.88,99.47
PLANT_027,2025-04-01,availability,99.47,98.91
PLANT_028,2024-02-01,availability,154.92,154.15
PLANT_028,2024-03-01,availability,154.15,153.29
PLANT_028,2024-04-01,availability,153.29,152.67
PLANT_028,2024-05-01,availability,152.67,152.1
PLANT_028,2024-06-01,availability,152.1,151.12
PLANT_028,2024-07-01,availability,151.12,150.37
PLANT_028,2024-08-01,availability,150.37,149.77
PLANT_028,2024-09-01,availability,149.77,149.11
PLANT_028,2024-10-01,availability,149.11,148.12
PLANT_028,2024-11-01,availability,148.12,147.61
PLANT_028,2024-12-01,availability,147.61,146.63
PLANT_028,2025-01-01,availability,146.63,146.11
PLANT_028,2025-02-01,availability,146.11,145.36
PLANT_028,2025-03-01,availability,145.36,144.56
PLANT_028,2025-04-01,availability,144.56,143.73
PLANT_029,2024-02-01,availability,103.17,102.66
PLANT_029,2024-03-01,availability,102.66,102.21
PLANT_029,2024-04-01,availability,102.21,101.54
PLANT_029,2024-05-01,availability,101.54,100.88
PLANT_029,2024-06-01,availability,100.88,100.35
PLANT_029,2024-07-01,availability,100.35,99.7
PLANT_029,2024-08-01,availability,99.7,99.12
PLANT_029,2024-09-01,availability,99.12,98.44
PLANT_029,2024-10-01,availability,98.44,97.92
PLANT_029,2024-11-01,availability,97.92,97.26
PLANT_029,2024-12-01,availability,97.26,96.78
PLANT_029,2025-01-01,availability,96.78,96.26
PLANT_029,2025-02-01,availability,96.26,95.74
PLANT_029,2025-03-01,availability,95.74,95.32
PLANT_029,2025-04-01,availability,95.32,94.69
PLANT_030,2024-02-01,availability,35.23,35.0
PLANT_030,2024-03-01,availability,35.0,34.78
PLANT_030,2024-04-01,availability,34.78,34.54
PLANT_030,2024-05-01,availability,34.54,34.36
PLANT_030,2024-06-01,availability,34.36,34.11
PLANT_030,2024-07-01,availability,34.11,33.86
PLANT_030,2024-08-01,availability,33.86,33.64
PLANT_030,2024-09-01,availability,33.64,33.42
PLANT_030,2024-10-01,availability,33.42,33.25
PLANT_030,2024-11-01,availability,33.25,33.06
PLANT_030,2024-12-01,availability,33.06,32.87
PLANT_030,2025-01-01,availability,32.87,32.67
PLANT_030,2025-02-01,availability,32.67,32.47
PLANT_030,2025-03-01,availability,32.47,32.29
PLANT_030,2025-04-01,availability,32.29,32.07
PLANT_031,2024-02-01,availability,71.37,70.79
PLANT_031,2024-03-01,availability,70.79,70.09
PLANT_031,2024-04-01,availability,70.09,69.58
PLANT_031,2024-05-01,availability,69.58,103.7
PLANT_031,2024-06-01,availability,103.7,102.99
PLANT_031,2024-07-01,availability,102.99,102.41
PLANT_031,2024-08-01,availability,102.41,102.03
PLANT_031,2024-09-01,availability,102.03,101.35
PLANT_031,2024-10-01,availability,101.35,100.7
PLANT_031,2024-11-01,availability,100.7,100.04
PLANT_031,2024-12-01,availability,100.04,99.57
PLANT_031,2025-01-01,availability,99.57,99.16
PLANT_031,2025-02-01,availability,99.16,98.67
PLANT_031,2025-03-01,availability,98.67,98.13
PLANT_031,2025-04-01,availability,98.13,97.46
PLANT_032,2024-02-01,availability,15.16,15.07
PLANT_032,2024-03-01,availability,15.07,14.99
PLANT_032,2024-04-01,availability,14.99,14.89
PLANT_032,2024-05-01,availability,14.89,14.81
PLANT_032,2024-06-01,availability,14.81,14.7
PLANT_032,2024-07-01,availability,14.7,14.62
PLANT_032,2024-08-01,availability,14.62,14.52
PLANT_032,2024-09-01,availability,14.52,14.42
PLANT_032,2024-10-01,availability,14.42,14.33
PLANT_032,2024-11-01,availability,14.33,14.26
PLANT_032,2024-12-01,availability,14.26,14.16
PLANT_032,2025-01-01,availability,14.16,14.05
PLANT_032,2025-02-01,availability,14.05,13.97
PLANT_032,2025-03-01,availability,13.97,13.87
PLANT_032,2025-04-01,availability,13.87,19.19
PLANT_033,2024-02-01,availability,87.31,87.03
PLANT_033,2024-03-01,availability,87.03,86.7
PLANT_033,2024-04-01,availability,86.7,86.19
PLANT_033,2024-05-01,availability,86.19,85.89
PLANT_033,2024-06-01,availability,85.89,85.47
PLANT_033,2024-07-01,availability,85.47,84.95
PLANT_033,2024-08-01,availability,84.95,84.41
PLANT_033,2024-09-01,availability,84.41,83.92
PLANT_033,2024-10-01,availability,83.92,83.38
PLANT_033,2024-11-01,availability,83.38,82.92
PLANT_033,2024-12-01,availability,82.92,82.54
PLANT_033,2025-01-01,availability,82.54,82.18
PLANT_033,2025-02-01,availability,82.18,81.68
PLANT_033,2025-03-01,availability,81.68,81.24
PLANT_033,2025-04-01,availability,81.24,80.9
PLANT_034,2024-02-01,availability,45.2,44.96
PLANT_034,2024-03-01,availability,44.96,44.7
PLANT_034,2024-04-01,availability,44.7,44.47
PLANT_034,2024-05-01,availability,44.47,44.28
PLANT_034,2024-06-01,availability,44.28,44.1
PLANT_034,2024-07-01,availability,44.1,43.9
PLANT_034,2024-08-01,availability,43.9,43.68
PLANT_034,2024-09-01,availability,43.68,43.47
PLANT_034,2024-10-01,availability,43.47,43.31
PLANT_034,2024-11-01,availability,43.31,43.05
PLANT_034,2024-12-01,availability,43.05,42.78
PLANT_034,2025-01-01,availability,42.78,42.51
PLANT_034,2025-02-01,availability,42.51,42.33
PLANT_034,2025-03-01,availability,42.33,42.14
PLANT_034,2025-04-01,availability,42.14,42.0
PLANT_035,2024-02-01,availability,86.59,86.25
PLANT_035,2024-03-01,availability,86.25,85.83
PLANT_035,2024-04-01,availability,85.83,85.34
PLANT_035,2024-05-01,availability,85.34,84.75
PLANT_035,2024-06-01,availability,84.75,84.1
PLANT_035,2024-07-01,availability,84.1,83.74
PLANT_035,2024-08-01,availability,83.74,83.4
PLANT_035,2024-09-01,availability,83.4,82.84
PLANT_035,2024-10-01,availability,82.84,82.42
PLANT_035,2024-11-01,availability,82.42,82.03
PLANT_035,2024-12-01,availability,82.03,81.54
PLANT_035,2025-01-01,availability,81.54,81.08
PLANT_035,2025-02-01,availability,81.08,80.67
PLANT_035,2025-03-01,availability,80.67,80.15
PLANT_035,2025-04-01,availability,80.15,79.65
PLANT_036,2024-02-01,availability,59.52,59.21
PLANT_036,2024-03-01,availability,59.21,58.64
PLANT_036,2024-04-01,availability,58.64,58.14
PLANT_036,2024-05-01,availability,58.14,57.74
PLANT_036,2024-06-01,availability,57.74,57.36
PLANT_036,2024-07-01,availability,57.36,56.79
PLANT_036,2024-08-01,availability,56.79,56.39
PLANT_036,2024-09-01,availability,56.39,56.09
PLANT_036,2024-10-01,availability,56.09,55.54
PLANT_036,2024-11-01,availability,55.54,55.1
PLANT_036,2024-12-01,availability,55.1,54.69
PLANT_036,2025-01-01,availability,54.69,54.21
PLANT_036,2025-02-01,availability,54.21,53.66
PLANT_036,2025-03-01,availability,53.66,86.63
PLANT_036,2025-04-01,availability,86.63,86.24
PLANT_037,2024-02-01,availability,70.16,69.88
PLANT_037,2024-03-01,availability,69.88,69.6
PLANT_037,2024-04-01,availability,69.6,69.24
PLANT_037,2024-05-01,availability,69.24,68.86
PLANT_037,2024-06-01,availability,68.86,68.52
PLANT_037,2024-07-01,availability,68.52,68.15
PLANT_037,2024-08-01,availability,68.15,67.85
PLANT_037,2024-09-01,availability,67.85,67.61
PLANT_037,2024-10-01,availability,67.61,67.35
PLANT_037,2024-11-01,availability,67.35,67.04
PLANT_037,2024-12-01,availability,67.04,66.63
PLANT_037,2025-01-01,availability,66.63,66.33
PLANT_037,2025-02-01,availability,66.33,66.04
PLANT_037,2025-03-01,availability,66.04,65.68
PLANT_037,2025-04-01,availability,65.68,65.36
PLANT_038,2024-02-01,availability,135.67,134.83
PLANT_038,2024-03-01,availability,134.83,134.38
PLANT_038,2024-04-01,availability,134.38,133.65
PLANT_038,2024-05-01,availability,133.65,132.97
PLANT_038,2024-06-01,availability,132.97,132.35
PLANT_038,2024-07-01,availability,132.35,131.5
PLANT_038,2024-08-01,availability,131.5,130.86
PLANT_038,2024-09-01,availability,130.86,130.3
PLANT_038,2024-10-01,availability,130.3,129.55
PLANT_038,2024-11-01,availability,129.55,128.97
PLANT_038,2024-12-01,availability,128.97,128.39
PLANT_038,2025-01-01,availability,128.39,127.9
PLANT_038,2025-02-01,availability,127.9,127.29
PLANT_038,2025-03-01,availability,127.29,126.63
PLANT_038,2025-04-01,availability,126.63,126.15
PLANT_039,2024-02-01,availability,45.56,45.32
PLANT_039,2024-03-01,availability,45.32,45.06
PLANT_039,2024-04-01,availability,45.06,44.79
PLANT_039,2024-05-01,availability,44.79,44.57
PLANT_039,2024-06-01,availability,44.57,44.23
PLANT_039,2024-07-01,availability,44.23,43.96
PLANT_039,2024-08-01,availability,43.96,43.72
PLANT_039,2024-09-01,availability,43.72,43.32
PLANT_039,2024-10-01,availability,43.32,42.95
PLANT_039,2024-11-01,availability,42.95,42.58
PLANT_039,2024-12-01,availability,42.58,42.29
PLANT_039,2025-01-01,availability,42.29,42.01
PLANT_039,2025-02-01,availability,42.01,41.77
PLANT_039,2025-03-01,availability,41.77,41.45
PLANT_039,2025-04-01,availability,41.45,41.06
PLANT_040,2024-02-01,availability,88.07,87.51
PLANT_040,2024-03-01,availability,87.51,87.01
PLANT_040,2024-04-01,availability,87.01,86.66
PLANT_040,2024-05-01,availability,86.66,86.3
PLANT_040,2024-06-01,availability,86.3,85.71
PLANT_040,2024-07-01,availability,85.71,85.09
PLANT_040,2024-08-01,availability,85.09,84.65
PLANT_040,2024-09-01,availability,84.65,84.01
PLANT_040,2024-10-01,availability,84.01,83.63
PLANT_040,2024-11-01,availability,83.63,83.28
PLANT_040,2024-12-01,availability,83.28,82.89
PLANT_040,2025-01-01,availability,82.89,82.31
PLANT_040,2025-02-01,availability,82.31,81.94
PLANT_040,2025-03-01,availability,81.94,81.36
PLANT_040,2025-04-01,availability,81.36,80.99
PLANT_041,2024-02-01,availability,73.61,73.07
PLANT_041,2024-03-01,availability,73.07,72.77
PLANT_041,2024-04-01,availability,72.77,72.36
PLANT_041,2024-05-01,availability,72.36,71.81
PLANT_041,2024-06-01,availability,71.81,71.41
PLANT_041,2024-07-01,availability,71.41,70.89
PLANT_041,2024-08-01,availability,70.89,70.34
PLANT_041,2024-09-01,availability,70.34,69.89
PLANT_041,2024-10-01,availability,69.89,69.51
PLANT_041,2024-11-01,availability,69.51,69.16
PLANT_041,2024-12-01,availability,69.16,68.68
PLANT_041,2025-01-01,availability,68.68,68.32
PLANT_041,2025-02-01,availability,68.32,67.99
PLANT_041,2025-03-01,availability,67.99,67.54
PLANT_041,2025-04-01,availability,67.54,67.19
PLANT_042,2024-02-01,availability,87.19,86.76
PLANT_042,2024-03-01,availability,86.76,86.41
PLANT_042,2024-04-01,availability,86.41,85.95
PLANT_042,2024-05-01,availability,85.95,85.32
PLANT_042,2024-06-01,availability,85.32,84.74
PLANT_042,2024-07-01,availability,84.74,84.19
PLANT_042,2024-08-01,availability,84.19,83.82
PLANT_042,2024-09-01,availability,83.82,83.27
PLANT_042,2024-10-01,availability,83.27,82.91
PLANT_042,2024-11-01,availability,82.91,82.53
PLANT_042,2024-12-01,availability,82.53,81.94
PLANT_042,2025-01-01,availability,81.94,81.29
PLANT_042,2025-02-01,availability,81.29,80.63
PLANT_042,2025-03-01,availability,80.63,80.11
PLANT_042,2025-04-01,availability,80.11,79.62
PLANT_043,2024-02-01,availability,121.68,121.1
PLANT_043,2024-03-01,availability,121.1,120.67
PLANT_043,2024-04-01,availability,120.67,120.04
PLANT_043,2024-05-01,availability,120.04,119.36
PLANT_043,2024-06-01,availability,119.36,118.82
PLANT_043,2024-07-01,availability,118.82,118.09
PLANT_043,2024-08-01,availability,118.09,117.48
PLANT_043,2024-09-01,availability,117.48,116.8
PLANT_043,2024-10-01,availability,116.8,116.39
PLANT_043,2024-11-01,availability,116.39,115.58
PLANT_043,2024-12-01,availability,115.58,115.12
PLANT_043,2025-01-01,availability,115.12,114.59
PLANT_043,2025-02-01,availability,114.59,114.11
PLANT_043,2025-03-01,availability,114.11,113.58
PLANT_043,2025-04-01,availability,113.58,112.89
PLANT_044,2024-02-01,availability,26.71,26.56
PLANT_044,2024-03-01,availability,26.56,26.37
PLANT_044,2024-04-01,availability,26.37,26.16
PLANT_044,2024-05-01,availability,26.16,26.01
PLANT_044,2024-06-01,availability,26.01,25.8
PLANT_044,2024-07-01,availability,25.8,25.6
PLANT_044,2024-08-01,availability,25.6,25.47
PLANT_044,2024-09-01,availability,25.47,25.31
PLANT_044,2024-10-01,availability,25.31,25.14
PLANT_044,2024-11-01,availability,25.14,24.99
PLANT_044,2024-12-01,availability,24.99,24.83
PLANT_044,2025-01-01,availability,24.83,24.65
PLANT_044,2025-02-01,availability,24.65,24.44
PLANT_044,2025-03-01,availability,24.44,24.25
PLANT_044,2025-04-01,availability,24.25,24.04
PLANT_045,2024-02-01,availability,43.75,43.59
PLANT_045,2024-03-01,availability,43.59,43.38
PLANT_045,2024-04-01,availability,43.38,43.18
PLANT_045,2024-05-01,availability,43.18,42.99
PLANT_045,2024-06-01,availability,42.99,42.82
PLANT_045,2024-07-01,availability,42.82,42.64
PLANT_045,2024-08-01,availability,42.64,42.42
PLANT_045,2024-09-01,availability,42.42,42.15
PLANT_045,2024-10-01,availability,42.15,41.88
PLANT_045,2024-11-01,availability,41.88,41.64
PLANT_045,2024-12-01,availability,41.64,41.5
PLANT_045,2025-01-01,availability,41.5,41.33
PLANT_045,2025-02-01,availability,41.33,41.08
PLANT_045,2025-03-01,availability,41.08,40.81
PLANT_045,2025-04-01,availability,40.81,40.67
PLANT_046,2024-02-01,availability,103.06,102.4
PLANT_046,2024-03-01,availability,102.4,102.03
PLANT_046,2024-04-01,availability,102.03,101.6
PLANT_046,2024-05-01,availability,101.6,100.94
PLANT_046,2024-06-01,availability,100.94,100.54
PLANT_046,2024-07-01,availability,100.54,100.01
PLANT_046,2024-08-01,availability,100.01,99.44
PLANT_046,2024-09-01,availability,99.44,99.09
PLANT_046,2024-10-01,availability,99.09,98.67
PLANT_046,2024-11-01,availability,98.67,98.0
PLANT_046,2024-12-01,availability,98.0,97.63
PLANT_046,2025-01-01,availability,97.63,96.98
PLANT_046,2025-02-01,availability,96.98,96.33
PLANT_046,2025-03-01,availability,96.33,95.85
PLANT_046,2025-04-01,availability,95.85,95.24
PLANT_047,2024-02-01,availability,73.53,73.21
PLANT_047,2024-03-01,availability,73.21,72.87
PLANT_047,2024-04-01,availability,72.87,72.33
PLANT_047,2024-05-01,availability,72.33,71.99
PLANT_047,2024-06-01,availability,71.99,71.6
PLANT_047,2024-07-01,availability,71.6,71.29
PLANT_047,2024-08-01,availability,71.29,70.75
PLANT_047,2024-09-01,availability,70.75,70.24
PLANT_047,2024-10-01,availability,70.24,69.86
PLANT_047,2024-11-01,availability,69.86,69.42
PLANT_047,2024-12-01,availability,69.42,69.0
PLANT_047,2025-01-01,availability,69.0,68.53
PLANT_047,2025-02-01,availability,68.53,68.12
PLANT_047,2025-03-01,availability,68.12,67.53
PLANT_047,2025-04-01,availability,67.53,67.1
PLANT_048,2024-02-01,availability,36.59,36.4
PLANT_048,2024-03-01,availability,36.4,36.15
PLANT_048,2024-04-01,availability,36.15,36.0
PLANT_048,2024-05-01,availability,36.0,35.77
PLANT_048,2024-06-01,availability,35.77,35.58
PLANT_048,2024-07-01,availability,35.58,35.41
PLANT_048,2024-08-01,availability,35.41,35.26
PLANT_048,2024-09-01,availability,35.26,35.06
PLANT_048,2024-10-01,availability,35.06,34.8
PLANT_048,2024-11-01,availability,34.8,34.6
PLANT_048,2024-12-01,availability,34.6,34.32
PLANT_048,2025-01-01,availability,34.32,34.03
PLANT_048,2025-02-01,availability,34.03,33.83
PLANT_048,2025-03-01,availability,33.83,48.51
PLANT_048,2025-04-01,availability,48.51,48.32
PLANT_049,2024-02-01,availability,60.22,59.98
PLANT_049,2024-03-01,availability,59.98,59.74
PLANT_049,2024-04-01,availability,59.74,59.39
PLANT_049,2024-05-01,availability,59.39,59.12
PLANT_049,2024-06-01,availability,59.12,58.79
PLANT_049,2024-07-01,availability,58.79,58.47
PLANT_049,2024-08-01,availability,58.47,58.19
PLANT_049,2024-09-01,availability,58.19,57.94
PLANT_049,2024-10-01,availability,57.94,57.67
PLANT_049,2024-11-01,availability,57.67,57.35
PLANT_049,2024-12-01,availability,57.35,57.05
PLANT_049,2025-01-01,availability,57.05,56.79
PLANT_049,2025-02-01,availability,56.79,56.57
PLANT_049,2025-03-01,availability,56.57,56.33
PLANT_049,2025-04-01,availability,56.33,56.05
PLANT_050,2024-02-01,availability,50.28,50.04
PLANT_050,2024-03-01,availability,50.04,49.75
PLANT_050,2024-04-01,availability,49.75,49.51
PLANT_050,2024-05-01,availability,49.51,49.22
PLANT_050,2024-06-01,availability,49.22,48.95
PLANT_050,2024-07-01,availability,48.95,48.64
PLANT_050,2024-08-01,availability,48.64,48.36
PLANT_050,2024-09-01,availability,48.36,48.11
PLANT_050,2024-10-01,availability,48.11,47.93
PLANT_050,2024-11-01,availability,47.93,47.78
PLANT_050,2024-12-01,availability,47.78,47.6
PLANT_050,2025-01-01,availability,47.6,47.4
PLANT_050,2025-02-01,availability,47.4,47.23
PLANT_050,2025-03-01,availability,47.23,46.92
PLANT_050,2025-04-01,availability,46.92,46.61
PLANT_001,,capacity_initial,,102.0
PLANT_002,,capacity_initial,,129.0
PLANT_003,,capacity_initial,,69.0
PLANT_004,,capacity_initial,,142.0
PLANT_005,,capacity_initial,,94.0
PLANT_006,,capacity_initial,,20.0
PLANT_007,,capacity_initial,,107.0
PLANT_008,,capacity_initial,,38.0
PLANT_009,,capacity_initial,,104.0
PLANT_010,,capacity_initial,,155.0
PLANT_011,,capacity_initial,,112.0
PLANT_012,,capacity_initial,,111.0
PLANT_013,,capacity_initial,,140.0
PLANT_014,,capacity_initial,,89.0
PLANT_015,,capacity_initial,,114.0
PLANT_016,,capacity_initial,,20.0
PLANT_017,,capacity_initial,,91.0
PLANT_018,,capacity_initial,,117.0
PLANT_019,,capacity_initial,,54.0
PLANT_020,,capacity_initial,,175.0
PLANT_021,,capacity_initial,,125.0
PLANT_022,,capacity_initial,,124.0
PLANT_023,,capacity_initial,,95.0
PLANT_024,,capacity_initial,,65.0
PLANT_025,,capacity_initial,,119.0
PLANT_026,,capacity_initial,,38.0
PLANT_027,,capacity_initial,,103.0
PLANT_028,,capacity_initial,,167.0
PLANT_029,,capacity_initial,,124.0
PLANT_030,,capacity_initial,,43.0
PLANT_031,,capacity_initial,,124.0
PLANT_032,,capacity_initial,,20.0
PLANT_033,,capacity_initial,,93.0
PLANT_034,,capacity_initial,,46.0
PLANT_035,,capacity_initial,,109.0
PLANT_036,,capacity_initial,,101.0
PLANT_037,,capacity_initial,,73.0
PLANT_038,,capacity_initial,,144.0
PLANT_039,,capacity_initial,,69.0
PLANT_040,,capacity_initial,,107.0
PLANT_041,,capacity_initial,,97.0
PLANT_042,,capacity_initial,,111.0
PLANT_043,,capacity_initial,,137.0
PLANT_044,,capacity_initial,,38.0
PLANT_045,,capacity_initial,,46.0
PLANT_046,,capacity_initial,,114.0
PLANT_047,,capacity_initial,,101.0
PLANT_048,,capacity_initial,,49.0
PLANT_049,,capacity_initial,,62.0
PLANT_050,,capacity_initial,,53.0
